{"cameraMode":{"drawMode":0,"name":"Shaded","section":"Shading Mode"},"sceneLighting":false,"audioPlay":false,"sceneViewState":{"showFog":true,"showMaterialUpdate":false,"showSkybox":false,"showFlares":true,"showImageEffects":true,"showParticleSystems":true},"in2DMode":false,"pivot":{"x":-0.014707595109939576,"y":0.024765148758888246,"z":0.01194201409816742},"rotation":{"x":0.2992779314517975,"y":0.5933734774589539,"z":-0.2524901032447815,"w":0.7033209204673767},"size":0.6491003036499023,"orthographic":false}