{"cameraMode":{"drawMode":0,"name":"Shaded","section":"Shading Mode"},"sceneLighting":false,"audioPlay":false,"sceneViewState":{"showFog":true,"showMaterialUpdate":false,"showSkybox":false,"showFlares":true,"showImageEffects":true,"showParticleSystems":true},"in2DMode":false,"pivot":{"x":-0.002465575933456421,"y":0.04345044493675232,"z":0.07560372352600098},"rotation":{"x":-0.032430265098810199,"y":-0.925716757774353,"z":0.36792922019958498,"w":-0.08157210797071457},"size":1.2064988613128663,"orthographic":false}