{"cameraMode":{"drawMode":0,"name":"Shaded","section":"Shading Mode"},"sceneLighting":false,"audioPlay":false,"sceneViewState":{"showFog":true,"showMaterialUpdate":false,"showSkybox":false,"showFlares":true,"showImageEffects":true,"showParticleSystems":true},"in2DMode":false,"pivot":{"x":0.02658557891845703,"y":0.18127143383026124,"z":-0.018311023712158204},"rotation":{"x":-0.0443757064640522,"y":-0.8999314904212952,"z":0.42346084117889407,"w":-0.09428776055574417},"size":1.6247570514678956,"orthographic":false}