{"cameraMode":{"drawMode":0,"name":"Shaded","section":"Shading Mode"},"sceneLighting":false,"audioPlay":false,"sceneViewState":{"showFog":true,"showMaterialUpdate":false,"showSkybox":false,"showFlares":true,"showImageEffects":true,"showParticleSystems":true},"in2DMode":false,"pivot":{"x":-0.04133963584899902,"y":0.031302157789468768,"z":-0.010812997817993164},"rotation":{"x":-0.04123268276453018,"y":-0.9177609086036682,"z":0.38241952657699587,"w":-0.09894070029258728},"size":0.9093456864356995,"orthographic":false}