{"cameraMode":{"drawMode":0,"name":"Shaded","section":"Shading Mode"},"sceneLighting":false,"audioPlay":false,"sceneViewState":{"showFog":true,"showMaterialUpdate":false,"showSkybox":false,"showFlares":true,"showImageEffects":true,"showParticleSystems":true},"in2DMode":false,"pivot":{"x":0.010938495397567749,"y":0.004979749210178852,"z":0.07353788614273071},"rotation":{"x":-0.032430265098810199,"y":-0.925716757774353,"z":0.36792922019958498,"w":-0.08157210797071457},"size":1.229943037033081,"orthographic":false}