{"cameraMode":{"drawMode":0,"name":"Shaded","section":"Shading Mode"},"sceneLighting":false,"audioPlay":false,"sceneViewState":{"showFog":true,"showMaterialUpdate":false,"showSkybox":false,"showFlares":true,"showImageEffects":true,"showParticleSystems":true},"in2DMode":false,"pivot":{"x":0.12029934674501419,"y":0.19196267426013947,"z":0.2070498764514923},"rotation":{"x":-0.015933243557810785,"y":-0.9649512767791748,"z":0.2549515664577484,"w":-0.06028395891189575},"size":2.8653910160064699,"orthographic":false}