{"cameraMode":{"drawMode":0,"name":"Shaded","section":"Shading Mode"},"sceneLighting":false,"audioPlay":false,"sceneViewState":{"showFog":true,"showMaterialUpdate":false,"showSkybox":false,"showFlares":true,"showImageEffects":true,"showParticleSystems":true},"in2DMode":false,"pivot":{"x":-4.76837158203125e-7,"y":0.05531330406665802,"z":0.004666805267333984},"rotation":{"x":-0.14938130974769593,"y":-0.8412734866142273,"z":0.2926812469959259,"w":-0.4293418824672699},"size":2.918490409851074,"orthographic":false}