{"cameraMode":{"drawMode":0,"name":"Shaded","section":"Shading Mode"},"sceneLighting":false,"audioPlay":false,"sceneViewState":{"showFog":true,"showMaterialUpdate":false,"showSkybox":false,"showFlares":true,"showImageEffects":true,"showParticleSystems":true},"in2DMode":false,"pivot":{"x":0.012082099914550782,"y":1.1092106103897095,"z":0.005565166473388672},"rotation":{"x":-0.0834149569272995,"y":-0.8977599143981934,"z":0.38679268956184389,"w":-0.1935967206954956},"size":4.525510787963867,"orthographic":false}