{"cameraMode":{"drawMode":0,"name":"Shaded","section":"Shading Mode"},"sceneLighting":false,"audioPlay":false,"sceneViewState":{"showFog":true,"showMaterialUpdate":false,"showSkybox":false,"showFlares":true,"showImageEffects":true,"showParticleSystems":true},"in2DMode":false,"pivot":{"x":2.980232238769531e-7,"y":0.2925625145435333,"z":5.960464477539063e-8},"rotation":{"x":-0.018845085054636,"y":-0.8975430727005005,"z":0.4388998746871948,"w":-0.03852038085460663},"size":2.9583566188812258,"orthographic":false}